[{
        "name": "id",
        "dbType": "increments",
        "htmlType": "",
        "validations": "",
        "searchable": false,
        "fillable": false,
        "primary": true,
        "inForm": false,
        "inIndex": false
    },
    {
        "name": "nombre",
        "dbType": "string",
        "htmlType": "text",
        "validations": "required",
        "searchable": true
    },
    {
        "name": "direccion",
        "dbType": "string,100",
        "htmlType": "text",
        "validations": "required",
        "searchable": true

    },
    {
        "name": "telefono",
        "dbType": "string",
        "htmlType": "text",
        "validations": "required",
        "searchable": true

    }, {
        "name": "created_at",
        "dbType": "time",
        "htmlType": "",
        "validations": "",
        "searchable": false,
        "fillable": false,
        "primary": false,
        "inForm": false,
        "inIndex": false
    },
    {
        "name": "updated_at",
        "dbType": "time",
        "htmlType": "",
        "validations": "",
        "searchable": false,
        "fillable": false,
        "primary": false,
        "inForm": false,
        "inIndex": false
    }
]