[{
        "name": "id",
        "dbType": "increments",
        "htmlType": "",
        "validations": "",
        "searchable": false,
        "fillable": false,
        "primary": true,
        "inForm": false,
        "inIndex": false
    },
    {
        "name": "Fecha_inicio",
        "dbType": "time",
        "htmlType": "",
        "validations": "required",
        "searchable": true
    },
    {
        "name": "Fecha_de_Pago",
        "dbType": "time",
        "htmlType": "",
        "validations": "required",
        "searchable": true
    },
    {
        "name": "Nombre_empleado",
        "dbType": "string,100",
        "htmlType": "text",
        "validations": "required",
        "searchable": true

    },
    {
        "name": "importe",
        "dbType": "decimal",
        "htmlType": "",
        "validations": "required",
        "searchable": true

    },
    {
        "name": "created_at",
        "dbType": "time",
        "htmlType": "",
        "validations": "",
        "searchable": false,
        "fillable": false,
        "primary": false,
        "inForm": false,
        "inIndex": false
    },
    {
        "name": "updated_at",
        "dbType": "time",
        "htmlType": "",
        "validations": "",
        "searchable": false,
        "fillable": false,
        "primary": false,
        "inForm": false,
        "inIndex": false
    }
]