[{
        "name": "id",
        "dbType": "increments",
        "htmlType": "",
        "validations": "",
        "searchable": false,
        "fillable": false,
        "primary": true,
        "inForm": false,
        "inIndex": false
    },
    {
        "name": "Fecha",
        "dbType": "time",
        "htmlType": "",
        "validations": "required",
        "searchable": true
    },
    {
        "name": "nombre_Cliente",
        "dbType": "string",
        "htmlType": "text",
        "validations": "required",
        "searchable": true
    },
    {
        "name": "direccion_cliente",
        "dbType": "string,100",
        "htmlType": "text",
        "validations": "required",
        "searchable": true
    },
    {
        "name": "Concepto",
        "dbType": "string,300",
        "htmlType": "text",
        "validations": "required",
        "searchable": true
    },
    {
        "name": "Importe",
        "dbType": "decimal",
        "htmlType": "",
        "validations": "required",
        "searchable": true
    },
    {
        "name": "created_at",
        "dbType": "timestamp",
        "htmlType": "",
        "validations": "",
        "searchable": false,
        "fillable": false,
        "primary": false,
        "inForm": false,
        "inIndex": false
    },
    {
        "name": "updated_at",
        "dbType": "timestamp",
        "htmlType": "",
        "validations": "",
        "searchable": false,
        "fillable": false,
        "primary": false,
        "inForm": false,
        "inIndex": false
    }
]